{"cameraMode":{"drawMode":0,"name":"Shaded","section":"Shading Mode"},"sceneLighting":true,"audioPlay":false,"sceneViewState":{"m_AlwaysRefresh":false,"showFog":true,"showSkybox":true,"showFlares":true,"showImageEffects":true,"showParticleSystems":true,"showVisualEffectGraphs":true,"m_FxEnabled":true},"in2DMode":false,"pivot":{"x":0.3658020496368408,"y":3.9196035861968996,"z":1.1013388633728028},"rotation":{"x":-0.006573428399860859,"y":0.7806845903396606,"z":-0.6248798370361328,"w":-0.00818395335227251},"size":6.855973243713379,"orthographic":true}