{"cameraMode":{"drawMode":0,"name":"Shaded","section":"Shading Mode"},"sceneLighting":true,"audioPlay":false,"sceneViewState":{"m_AlwaysRefresh":false,"showFog":true,"showSkybox":true,"showFlares":true,"showImageEffects":true,"showParticleSystems":true,"showVisualEffectGraphs":true,"m_FxEnabled":true},"in2DMode":false,"pivot":{"x":-0.7915404438972473,"y":0.4717971086502075,"z":2.6599230766296388},"rotation":{"x":0.39153826236724856,"y":-0.010575377382338047,"z":0.004877723753452301,"w":0.9201748371124268},"size":6.810035705566406,"orthographic":true}