{"cameraMode":{"drawMode":0,"name":"Shaded","section":"Shading Mode"},"sceneLighting":true,"audioPlay":false,"sceneViewState":{"m_AlwaysRefresh":false,"showFog":true,"showSkybox":true,"showFlares":true,"showImageEffects":true,"showParticleSystems":true,"showVisualEffectGraphs":true,"m_FxEnabled":true},"in2DMode":false,"pivot":{"x":-0.45967525243759158,"y":-0.8303675651550293,"z":-4.01795768737793},"rotation":{"x":-0.01835602894425392,"y":-0.9701741933822632,"z":0.2295079231262207,"w":-0.07712752372026444},"size":6.4199628829956059,"orthographic":true}