{"cameraMode":{"drawMode":0,"name":"Shaded","section":"Shading Mode"},"sceneLighting":false,"audioPlay":false,"sceneViewState":{"m_AlwaysRefresh":false,"showFog":true,"showSkybox":true,"showFlares":true,"showImageEffects":true,"showParticleSystems":true,"showVisualEffectGraphs":true,"m_FxEnabled":true},"in2DMode":false,"pivot":{"x":-28.807262420654298,"y":-25.157970428466798,"z":327.50775146484377},"rotation":{"x":-0.07822751998901367,"y":0.008072087541222573,"z":-0.0006322946865111589,"w":-0.9969072341918945},"size":160.35572814941407,"orthographic":false}