{"cameraMode":{"drawMode":0,"name":"Shaded","section":"Shading Mode"},"sceneLighting":true,"audioPlay":false,"sceneViewState":{"m_AlwaysRefresh":false,"showFog":true,"showSkybox":true,"showFlares":true,"showImageEffects":true,"showParticleSystems":true,"showVisualEffectGraphs":true,"m_FxEnabled":true},"in2DMode":false,"pivot":{"x":1.1584532260894776,"y":-19.826213836669923,"z":31.228172302246095},"rotation":{"x":0.3365881145000458,"y":0.018107209354639055,"z":-0.006768717896193266,"w":0.9416273236274719},"size":23.114330291748048,"orthographic":false}