{"cameraMode":{"drawMode":0,"name":"Shaded","section":"Shading Mode"},"sceneLighting":true,"audioPlay":false,"sceneViewState":{"m_AlwaysRefresh":false,"showFog":true,"showSkybox":true,"showFlares":true,"showImageEffects":true,"showParticleSystems":true,"showVisualEffectGraphs":true,"m_FxEnabled":true},"in2DMode":false,"pivot":{"x":0.37429022789001467,"y":-24.288101196289064,"z":27.195838928222658},"rotation":{"x":0.3841995298862457,"y":0.010813352651894093,"z":-0.004802853334695101,"w":0.9233515858650208},"size":25.52075958251953,"orthographic":false}