{"cameraMode":{"drawMode":0,"name":"Shaded","section":"Shading Mode"},"sceneLighting":true,"audioPlay":false,"sceneViewState":{"m_AlwaysRefresh":false,"showFog":true,"showSkybox":true,"showFlares":true,"showImageEffects":true,"showParticleSystems":true,"showVisualEffectGraphs":true,"m_FxEnabled":true},"in2DMode":false,"pivot":{"x":1.3819732666015626,"y":1.4978231191635132,"z":0.9668741226196289},"rotation":{"x":0.0287791658192873,"y":-0.028117338195443155,"z":0.001146651222370565,"w":0.9992706775665283},"size":7.794802665710449,"orthographic":true}