{"cameraMode":{"drawMode":0,"name":"Shaded","section":"Shading Mode"},"sceneLighting":true,"audioPlay":false,"sceneViewState":{"m_AlwaysRefresh":false,"showFog":true,"showSkybox":true,"showFlares":true,"showImageEffects":true,"showParticleSystems":true,"showVisualEffectGraphs":true,"m_FxEnabled":true},"in2DMode":false,"pivot":{"x":-1.0258572101593018,"y":3.8455395698547365,"z":5.289089679718018},"rotation":{"x":0.004439078737050295,"y":-0.17019023001194,"z":-0.0007304155733436346,"w":-0.9854490160942078},"size":5.0180583000183109,"orthographic":true}