{"cameraMode":{"drawMode":0,"name":"Shaded","section":"Shading Mode"},"sceneLighting":true,"audioPlay":false,"sceneViewState":{"m_AlwaysRefresh":false,"showFog":true,"showSkybox":true,"showFlares":true,"showImageEffects":true,"showParticleSystems":true,"showVisualEffectGraphs":true,"m_FxEnabled":true},"in2DMode":false,"pivot":{"x":0.1550610363483429,"y":-15.059478759765625,"z":9.591950416564942},"rotation":{"x":0.5217522382736206,"y":0.0022511230781674387,"z":-0.0017395272152498365,"w":0.8532874584197998},"size":17.90046501159668,"orthographic":false}